{
  "step1": {
    "rays": {
      "Gamma": {
        "voxels": {
          "mean": 1722.1333333333334,
          "std": 69.50880121486547
        },
        "total_MeV": {
          "mean": 371.54889237877904,
          "std": 15.489333194949982
        },
        "core_MeV": {
          "mean": 67.65583912104508,
          "std": 6.759302421339084
        },
        "surf_MeV": {
          "mean": 233.98364590940565,
          "std": 13.039528953649464
        },
        "surf_core": {
          "mean": 3.4964157084413947,
          "std": 0.4376073557417653
        },
        "mean_depth": {
          "mean": 13.16564424162512,
          "std": 0.3272384245627945
        },
        "core_hit_pct": 100.0,
        "n_runs": 60,
        "final_cv_pct": 9.990715523084143,
        "time_sec": 70.47,
        "status": "early stop (converged)",
        "cv_quality": "ACCEPTABLE"
      },
      "Neutron": {
        "voxels": {
          "mean": 10048.11475409836,
          "std": 264.5802397736621
        },
        "total_MeV": {
          "mean": 2027.1969845746482,
          "std": 38.5001644821443
        },
        "core_MeV": {
          "mean": 316.1214722807883,
          "std": 16.05530047502415
        },
        "surf_MeV": {
          "mean": 1341.113952051434,
          "std": 35.469903589602154
        },
        "surf_core": {
          "mean": 4.25403511627919,
          "std": 0.26019963757263703
        },
        "mean_depth": {
          "mean": 13.998424932222598,
          "std": 0.20178320738173056
        },
        "core_hit_pct": 100.0,
        "n_runs": 61,
        "final_cv_pct": 5.078838953642277,
        "time_sec": 76.32,
        "status": "early stop (converged)",
        "cv_quality": "ACCEPTABLE"
      },
      "Carbon Ion": {
        "voxels": {
          "mean": 11325.657142857142,
          "std": 482.917112779332
        },
        "total_MeV": {
          "mean": 670955.2142990705,
          "std": 5164.077028030149
        },
        "core_MeV": {
          "mean": 129608.10528395104,
          "std": 4118.917236290444
        },
        "surf_MeV": {
          "mean": 414970.5239011746,
          "std": 2553.0528336126454
        },
        "surf_core": {
          "mean": 3.205024496759197,
          "std": 0.10855011730038525
        },
        "mean_depth": {
          "mean": 12.843986707280559,
          "std": 0.06097711136866604
        },
        "core_hit_pct": 100.0,
        "n_runs": 35,
        "final_cv_pct": 3.177978126650754,
        "time_sec": 193.4,
        "status": "early stop (converged)",
        "cv_quality": "GOOD"
      },
      "Alpha": {
        "voxels": {
          "mean": 1251.3846153846155,
          "std": 16.390428726734207
        },
        "total_MeV": {
          "mean": 11000.0,
          "std": 3.637978807091713e-13
        },
        "core_MeV": {
          "mean": 7652.091158778481,
          "std": 103.00095594500439
        },
        "surf_MeV": {
          "mean": 3347.908841221518,
          "std": 103.00095594500465
        },
        "surf_core": {
          "mean": 0.43776549072702253,
          "std": 0.019316140158437963
        },
        "mean_depth": {
          "mean": 24.46559929644011,
          "std": 0.073024512518383
        },
        "core_hit_pct": 100.0,
        "n_runs": 26,
        "final_cv_pct": 1.3460497765612955,
        "time_sec": 28.86,
        "status": "early stop (converged)",
        "cv_quality": "EXCELLENT"
      }
    },
    "timing": {
      "Gamma": 70.47,
      "Neutron": 76.32,
      "Carbon Ion": 193.4,
      "Alpha": 28.86
    },
    "cv_traces": {
      "Gamma": [
        7.2831021823615085,
        7.165249664506712,
        7.294471915322223,
        7.1511023513881735,
        7.143891122266615,
        7.000518192999336,
        7.364959165770212,
        7.3986005653112406,
        9.181724839076969,
        9.087131797103355,
        10.246333803333918,
        10.245991690144269,
        10.201703026060088,
        10.120757890575872,
        10.198048759658148,
        10.090800280948347,
        9.9469477345339,
        10.114535041159408,
        10.051321503735654,
        9.925826143890038,
        9.808792634041664,
        9.697007189115627,
        9.597387039525222,
        9.625063860053606,
        10.508288644159526,
        10.387957295555935,
        10.590975053128613,
        10.475053860561207,
        10.488625576586916,
        10.385493151482235,
        10.280157430036871,
        10.179350893250902,
        10.114981093159717,
        10.124117645203146,
        10.101373114757696,
        10.008496779062787,
        9.96051919499204,
        9.92821023761035,
        9.91742979739166,
        9.835610947891245,
        9.990715523084143
      ],
      "Neutron": [
        4.811992979353801,
        4.772141187538367,
        4.850503814626411,
        5.061234245382717,
        5.042350440510585,
        5.119814917020904,
        5.16779422293224,
        5.131327542149915,
        5.092422521423522,
        5.140366202678603,
        5.120438012913601,
        5.078838953642277
      ],
      "Carbon Ion": [
        2.4156619680468245,
        2.354523163442765,
        2.3150937655567265,
        2.5984502038079142,
        3.1992479622226844,
        3.299004299720185,
        3.395255513162416,
        3.331241280016001,
        3.35340895454169,
        3.2929215227207904,
        3.330867017615925,
        3.2822978693556824,
        3.2419293786529058,
        3.260613433518632,
        3.2190013904994133,
        3.177978126650754
      ],
      "Alpha": [
        1.496903935531687,
        1.4541422284969172,
        1.5227546733713495,
        1.5663081489155053,
        1.5227795914774496,
        1.4856829720422644,
        1.448580579419655,
        1.4346905673506047,
        1.4089565470358263,
        1.4007773411993245,
        1.372746258796111,
        1.3460497765612955
      ]
    },
    "config": {
      "grid": 50,
      "center": 25,
      "core_min": 20,
      "core_max": 30,
      "stable_window": 10,
      "stable_threshold_pct": 0.5,
      "stable_confirm": 3
    },
    "total_time_sec": 369.05
  },
  "step2": {
    "Gamma": {
      "optimal_count": 100,
      "metrics": {
        "voxels": 125000,
        "core_mev": 6.686716863451218,
        "total_mev": 19.604257143894557,
        "ratio": 1.931821033286013,
        "mean_depth": 35.81308411214953,
        "efficiency": 0.06686716863451218,
        "score": 0.03443528908601704,
        "n_particles": 100
      }
    },
    "Neutron": {
      "optimal_count": 500,
      "metrics": {
        "voxels": 125000,
        "core_mev": 75.90239173680406,
        "total_mev": 479.74590285201305,
        "ratio": 5.320563711820304,
        "mean_depth": 30.638160548608308,
        "efficiency": 0.15180478347360812,
        "score": 0.02847818573802754,
        "n_particles": 500
      }
    },
    "Carbon Ion": {
      "optimal_count": 100,
      "metrics": {
        "voxels": 125000,
        "core_mev": 12586.406117003053,
        "total_mev": 69274.80688771345,
        "ratio": 4.503938633771692,
        "mean_depth": 24.787239033544452,
        "efficiency": 125.86406117003052,
        "score": 27.883423187980483,
        "n_particles": 100
      }
    },
    "Alpha": {
      "optimal_count": 300,
      "metrics": {
        "voxels": 125000,
        "core_mev": 994.2362783500806,
        "total_mev": 1650.0,
        "ratio": 0.6595652722893485,
        "mean_depth": 49.04693140794224,
        "efficiency": 3.314120927833602,
        "score": 4.949660720159669,
        "n_particles": 300
      }
    }
  },
  "step3": {
    "Gamma": {
      "optimal_count": 100,
      "n_runs": 80,
      "mean_core": 3.2458402952990264,
      "std_core": 1.3664103492374555,
      "mean_ratio": 6.2469360582182665,
      "std_ratio": 4.940340700050884,
      "mean_depth": 28.852131560570882,
      "std_depth": 3.376059540651422,