Ray,OptimalN,ICRP_Cap,RBE_MeV,CV_pct,Efficiency
gamma,50000,50000,76.4844,7.781429492620914,1.529689
neutron,5000,5000,162.2532,25.96766466038467,32.45063
carbon,16607,16666,12849.2265,4.475912035059551,773.723519
alpha,2500,2500,0.0,999.0,0.0
