{
  "best_rays": [
    "gamma",
    "neutron",
    "carbon"
  ],
  "best_order": "gamma \u2192 neutron \u2192 carbon",
  "rep_stats": {
    "reps": [
      764.4010037966673,
      764.4010037966673,
      764.4010037966673,
      764.4010037966673,
      764.4010037966673,
      764.4010037966673,
      764.4010037966673,
      764.4010037966673,
      764.4010037966673,
      764.4010037966673
    ],
    "mean": 764.401,
    "std": 0.0,
    "cv_pct": 0.0,
    "min": 764.401,
    "max": 764.401
  },
  "n_reps": 10
}