{
  "best_rays": [
    "neutron",
    "alpha"
  ],
  "best_order": "neutron \u2192 alpha",
  "rep_stats": {
    "reps": [
      91782.47220218273,
      92619.06412023655,
      91867.99024032944,
      92315.54779493749,
      92044.72636847408,
      91963.59572378281,
      92115.44061688411,
      92065.39905437187,
      92016.86979677442,
      92461.89434178254
    ],
    "mean": 92125.3,
    "std": 250.023,
    "cv_pct": 0.27,
    "min": 91782.4722,
    "max": 92619.0641
  },
  "n_reps": 10
}